"baseMean","log2FoldChange","lfcSE","stat","pvalue","padj","gene_id"
10.9614458255961,-6.38145755401141,1.46963321764279,-4.34221102068371,1.41055952825839e-05,0.0128873560765665,"LOC113742243"
367.643317911701,-1.69729351532321,0.408099962039108,-4.15901414654031,3.19624106124831e-05,0.0236692126766083,"LOC113736549"
429.117922628102,-1.33065642361871,0.320523478208781,-4.15150999563268,3.30288836466045e-05,0.0239442322532548,"LOC113694060"
133.439414050656,-1.30046008061423,0.324155623539354,-4.01183871627743,6.02476565453934e-05,0.034854527119846,"LOC113691863"
72.9599911197151,-6.29460038086,1.56772877595825,-4.01510801956959,5.9418574932412e-05,0.034854527119846,"LOC113708911"
96.3912022040899,-5.74939493864579,1.46766923505256,-3.91736421349726,8.95224417849247e-05,0.0427744330651219,"LOC113738674"
107.704315371039,-1.30907365805576,0.338980169645312,-3.86180011481348,0.000112554638545029,0.0498166830200298,"LOC113695269"
